City,Cloudiness,Date,Humidity,Lat,Lng,Max Temp,Wind Speed
Kununurra,48,1552172400,100,-15.77,128.74,78.8,3.36
Tendukheda,0,1552173360,57,23.4,79.54,56.78,3.38
Hermanus,64,1552173342,82,-34.42,19.24,69.01,4.0
Castro,0,1552172400,52,-42.48,-73.76,64.4,5.82
Alofi,92,1552168800,70,-19.06,-169.92,86.0,12.75
Troitsko-Pechorsk,92,1552173371,91,62.71,56.19,31.49,7.18
Lagoa,0,1552173371,67,37.14,-8.45,60.01,5.82
Tevaitoa,8,1552173374,99,-16.78,-151.5,84.41,8.97
Amahai,92,1552173376,100,-3.31,129.0,76.08,15.79
Bambous Virieux,20,1552173248,88,-20.34,57.76,75.99,3.36
Ribeira Grande,100,1552173379,95,38.52,-28.7,62.09,9.19
Provideniya,76,1552173380,100,64.42,-173.23,23.48,32.35
Hobart,75,1552173375,72,-42.88,147.33,69.01,5.82
Rikitea,88,1552173382,100,-23.12,-134.97,77.07,12.44
Aranos,0,1552173388,25,-24.14,19.11,71.36,10.42
Arraial do Cabo,0,1552173389,90,-22.97,-42.02,80.76,13.44
Vila Franca do Campo,75,1552173332,82,37.72,-25.43,60.8,1.12
Aanekoski,80,1552172966,92,62.6,25.73,27.0,2.24
Cape Town,0,1552173363,72,-33.93,18.42,66.2,14.99
Georgetown,20,1552172400,78,6.8,-58.16,80.6,11.41
Bluff,0,1552173398,59,-23.58,149.07,83.06,5.17
Vao,92,1552173399,96,59.1,26.19,32.97,7.63
Lebu,0,1552173400,85,8.96,38.73,47.6,5.28
Henties Bay,0,1552172581,85,-22.12,14.28,61.0,1.01
Puerto Ayora,20,1552172400,69,-0.74,-90.35,80.6,10.29
Korem,80,1552173404,84,12.51,39.52,59.61,1.81
Simpang,75,1552168800,88,4.82,100.71,77.0,3.36
Goianesia,0,1552173408,80,-15.32,-49.12,73.11,4.72
Bredasdorp,80,1552173396,68,-34.53,20.04,69.8,12.75
Roebourne,0,1552173411,39,-20.77,117.15,86.3,4.61
Tuy Hoa,32,1552173344,99,13.08,109.3,73.88,4.72
Yellowknife,90,1552173212,78,62.45,-114.38,10.0,11.41
Saint-Philippe,1,1552172160,49,45.36,-73.48,28.4,5.82
Bilibino,24,1552173418,74,68.06,166.44,-1.05,3.15
Mataura,12,1552173007,77,-46.19,168.86,60.01,8.99
Pirae,75,1552173195,70,-17.52,-149.53,84.2,1.12
Albany,1,1552173155,31,42.65,-73.75,39.99,3.36
Hambantota,12,1552173425,100,6.12,81.12,77.7,4.38
Hilo,90,1552173402,83,19.71,-155.08,72.0,13.87
Mar del Plata,0,1552173429,74,-46.43,-67.52,58.49,6.17
Portland,20,1552172574,43,45.52,-122.67,50.0,10.29
Mount Gambier,40,1552168800,82,-37.83,140.78,59.0,8.05
Khargapur,0,1552173433,61,24.82,79.14,60.06,3.6
Oriximina,0,1552173434,95,-1.77,-55.87,77.21,3.71
Seoul,1,1552171800,44,37.57,126.98,44.6,3.36
Punta Arenas,75,1552173199,66,-53.16,-70.91,55.4,24.16
Khatanga,80,1552173438,71,71.98,102.47,-10.73,8.86
Clyde River,20,1552168800,75,70.47,-68.59,-16.61,5.82
Maltahohe,0,1552173441,69,-24.83,16.98,55.25,7.63
Guaira,48,1552173442,74,-24.09,-54.26,79.77,10.76
Lorengau,76,1552173444,100,-2.02,147.27,81.93,9.42
Busselton,56,1552173394,66,-33.64,115.35,64.0,13.44
Katsuura,75,1552172084,87,33.93,134.5,51.01,3.36
Cockburn Town,44,1552173280,97,21.46,-71.14,78.06,19.71
Ushuaia,75,1552172400,76,-54.81,-68.31,55.4,23.04
Cherskiy,64,1552173450,73,68.75,161.3,0.26,2.37
Conneaut,1,1552173434,64,41.95,-80.55,45.0,9.17
Saskylakh,80,1552173452,79,71.97,114.09,-4.97,6.62
Airai,68,1552173454,69,-8.93,125.41,73.7,0.81
Marystown,0,1552173053,100,47.17,-55.16,27.0,18.03
New Norfolk,75,1552173316,72,-42.78,147.06,69.01,5.82
Jamestown,32,1552173430,40,-33.21,138.6,81.93,6.96
Lompoc,75,1552173340,62,34.64,-120.46,57.99,14.99
Touros,20,1552172400,83,-5.2,-35.46,80.6,12.75
Bethel,90,1552172160,64,60.79,-161.76,39.2,17.22
Nanortalik,24,1552173467,92,60.14,-45.24,25.23,0.92
Tuktoyaktuk,90,1552168800,78,69.44,-133.03,17.6,9.17
Pemberton,76,1552173235,94,-34.44,116.03,60.01,8.19
Longyearbyen,90,1552171800,77,78.22,15.63,6.8,2.24
Fomboni,68,1552173475,100,-12.28,43.74,82.83,14.67
Barrow,0,1552173476,53,-38.31,-60.23,54.53,7.96
Gulaothi,0,1552170600,63,28.6,77.78,60.8,5.82
Tura,32,1552173479,78,25.52,90.21,55.25,3.71
Namibe,8,1552173482,100,-15.19,12.15,77.97,8.75
Constitucion,90,1552173015,11,23.99,-104.67,78.8,14.99
Vaini,0,1552173489,73,15.34,74.49,62.76,4.16
Kaitangata,48,1552173490,82,-46.28,169.85,57.9,17.25
Luba,92,1552173492,78,17.32,120.7,74.73,3.71
Harper,1,1552173331,16,30.3,-99.24,80.6,9.17
Beringovskiy,76,1552173495,97,63.05,179.32,10.38,30.56
Fukue,75,1552173312,81,35.03,136.69,51.01,5.82
Sept-Iles,5,1552168800,34,50.2,-66.38,21.2,9.17
Kapaa,40,1552173383,69,22.08,-159.32,78.8,20.8
Chapais,1,1552168800,40,49.78,-74.86,14.0,3.36
Margate,75,1552173495,72,-43.03,147.26,69.01,5.82
Zhaotong,92,1552173508,98,27.34,103.71,34.01,2.37
Alugan,48,1552173510,98,12.22,125.48,77.21,4.38
Nikolskoye,20,1552173335,74,59.7,30.79,36.0,8.95
Yulara,0,1552172400,8,-25.24,130.99,87.8,11.41
Sarangani,44,1552173516,95,5.4,125.46,80.99,7.63
Narsaq,12,1552171800,63,60.91,-46.05,30.2,2.24
Fairbanks,40,1552173247,41,64.84,-147.72,42.01,8.05
Mago,24,1552173522,56,53.27,140.15,21.45,6.29
Isangel,75,1552168800,70,-19.55,169.27,86.0,6.93
Codrington,32,1552173441,61,-28.95,153.24,82.4,10.29
Ilulissat,8,1552171800,78,69.22,-51.1,12.2,8.05
Ruthin,0,1552173468,81,53.11,-3.31,43.0,8.05
Haverfordwest,92,1552173432,93,51.8,-4.97,46.99,10.29
Carnarvon,0,1552173533,78,-30.97,22.13,50.3,4.38
Elizabeth City,90,1552173443,75,36.3,-76.22,46.4,11.41
Bronnoysund,76,1552171800,62,65.46,12.2,21.2,5.82
Sturgeon Bay,1,1552173394,51,44.83,-87.38,36.0,12.75
Nantucket,1,1552173371,55,41.28,-70.1,36.0,5.82
Ancud,0,1552172400,52,-41.87,-73.83,64.4,5.82
Nyurba,8,1552173546,61,63.29,118.35,9.21,5.95
Arvika,92,1552172172,100,59.65,12.59,28.0,6.93
Jalu,8,1552173550,46,29.03,21.55,55.16,6.96
Lavrentiya,68,1552173552,99,65.58,-170.99,23.43,34.36
San Patricio,56,1552173555,81,-26.98,-56.83,72.57,8.19
Ligayan,88,1552173557,100,4.65,119.47,79.73,4.72
Ponta do Sol,12,1552173559,79,-20.63,-46.0,72.48,5.73
General Roca,0,1552172400,31,-39.03,-67.58,75.2,11.41
Qaanaaq,48,1552173562,97,77.48,-69.36,-9.42,2.15
San Cristobal,40,1552173412,68,-0.39,-78.55,66.2,11.41
Nuevo Progreso,1,1552173529,52,26.05,-97.95,93.2,14.99
Prado,0,1552173567,92,-17.34,-39.22,83.96,15.46
Dingle,0,1552173569,81,11.0,122.67,78.29,4.38
Bang Saphan,12,1552173570,90,11.21,99.51,75.41,4.94
Mayo,20,1552168800,48,63.59,-135.9,17.6,3.36
Atar,0,1552173573,31,20.52,-13.05,58.62,7.07
Siniscola,0,1552170000,62,40.57,9.69,55.4,20.8
Aklavik,90,1552168800,73,68.22,-135.01,24.8,6.93
Port Blair,0,1552173580,100,11.67,92.75,80.58,11.77
Omboue,64,1552173585,100,-1.57,9.26,78.6,1.59
Boende,36,1552173587,83,-0.28,20.88,74.82,2.71
Husavik,64,1552173575,78,50.56,-96.99,28.0,7.0
Ranavav,36,1552173592,83,21.69,69.74,67.94,4.38
Srednekolymsk,68,1552173593,68,67.46,153.71,-1.68,3.27
Mehamn,36,1552173595,84,71.03,27.85,22.35,11.65
Thompson,75,1552168800,78,55.74,-97.86,15.8,9.17
Shubarshi,36,1552173598,85,48.59,57.19,23.7,10.98
Klaksvik,44,1552171800,100,62.23,-6.59,32.0,24.07
Lagunas,48,1552173603,94,-5.23,-75.68,77.25,2.04
Brasilia de Minas,56,1552173604,62,-16.21,-44.43,77.7,7.29
Kostomuksha,12,1552173606,72,64.59,30.6,18.03,7.4
Tasiilaq,20,1552171800,66,65.61,-37.64,15.8,4.7
Bathsheba,20,1552172400,78,13.22,-59.52,77.0,14.99
Atuona,24,1552173612,100,-9.8,-139.03,82.47,15.57
Road Town,40,1552173541,69,18.42,-64.62,78.8,9.17
Ivdel,56,1552173616,84,60.7,60.42,29.1,9.98
Naze,68,1552173618,94,5.43,7.07,74.78,3.04
Avarua,100,1552170600,74,-21.21,-159.78,86.0,10.29
Northampton,92,1552173616,75,52.24,-0.9,45.0,9.17
Babai,56,1552172400,93,49.9,36.2,35.6,6.71
Pokhara,0,1552173626,71,28.21,83.99,35.18,2.15
Ca Mau,76,1552173424,91,9.18,105.15,78.29,5.5
Leningradskiy,24,1552173629,85,69.38,178.42,-2.85,4.38
Saldanha,0,1552173632,81,41.42,-6.55,40.85,3.71
Saint George,0,1552168200,61,39.45,22.34,48.2,5.95
Bulawayo,0,1552173635,90,-20.16,28.59,60.33,5.73
Faanui,80,1552173637,100,-16.48,-151.75,84.36,9.86
Haguenau,64,1552173624,76,48.82,7.79,55.0,12.75
Poykovskiy,40,1552170600,68,61.23,73.33,26.6,8.95
East London,100,1552173398,100,-33.02,27.91,68.93,19.04
Upernavik,20,1552173644,100,72.79,-56.15,2.01,17.69
Saquena,76,1552173646,97,-4.67,-73.52,74.1,2.59
Kenai,90,1552173496,64,60.55,-151.26,39.2,10.29
Botwood,40,1552173359,79,49.14,-55.34,21.2,8.05
Hithadhoo,8,1552173652,100,-0.6,73.08,83.33,8.3
Adrar,0,1552168800,18,27.87,-0.29,69.8,19.46
Rawson,0,1552173420,21,-43.3,-65.11,69.15,7.63
Kirakira,24,1552173659,100,-10.46,161.92,81.48,4.94
Port Alfred,100,1552173415,85,-33.59,26.89,66.99,5.01
Okato,12,1552173265,59,-39.19,173.88,72.0,5.99
Vardo,90,1552173660,74,39.62,-77.74,39.2,5.82
Ixtapa,5,1552173605,78,20.71,-105.21,78.8,11.41
Grande Prairie,20,1552168800,46,55.17,-118.79,30.2,2.71
Taltal,0,1552173675,78,-25.41,-70.49,63.53,1.59
Yar-Sale,92,1552173677,87,66.83,70.83,20.73,15.79
Kavaratti,0,1552173678,100,10.57,72.64,81.3,3.71
Sangar,56,1552173680,66,63.92,127.47,1.83,5.39
Kruisfontein,36,1552173681,93,-34.0,24.73,64.38,13.22
Taggia,0,1552173669,76,43.86,7.85,51.8,9.17
Sao Joao da Barra,0,1552172400,88,-21.64,-41.05,80.6,4.7
Iqaluit,20,1552173174,69,63.75,-68.52,-7.01,16.11
Cidreira,100,1552173690,99,-30.17,-50.22,69.96,14.12
Lakatoro,88,1552173692,94,-16.11,167.42,80.99,5.06
Yakymivka,0,1552173693,91,46.7,35.16,39.27,2.93
Kamenka,8,1552173694,90,53.19,44.05,24.74,4.5
Mahebourg,20,1552173548,88,-20.41,57.7,75.99,3.36
Pevek,32,1552173697,97,69.7,170.27,-5.64,2.93
Sola,90,1552171800,92,62.78,29.36,21.2,4.7
Salalah,0,1552171800,14,17.01,54.1,78.8,9.17
Mubi,0,1552173704,52,10.27,13.26,68.7,3.27
Zhuzhou,90,1552172400,93,27.84,113.15,44.6,2.24
Butaritari,92,1552173706,100,3.07,172.79,76.62,6.96
Torbay,75,1552173518,79,47.66,-52.73,28.0,16.11
Gigmoto,20,1552173709,100,13.78,124.39,77.52,5.17
Arlit,56,1552173710,39,18.74,7.39,69.2,3.49
Stroitel,36,1552173712,61,52.65,41.45,18.03,6.62
Thunder Bay,90,1552173442,86,48.41,-89.26,32.0,18.34
Ribas do Rio Pardo,44,1552173715,70,-20.45,-53.76,79.32,6.17
Winnemucca,90,1552173390,44,40.97,-117.74,39.2,4.7
Punta Umbria,0,1552173718,79,37.18,-6.97,54.48,1.36
Itarema,32,1552173719,95,-2.92,-39.92,76.13,6.4
Kandava,92,1552173720,99,57.04,22.77,35.81,18.81
Ribeira Brava,20,1552173674,72,32.65,-17.07,60.8,19.46
Eureka,75,1552173443,100,40.8,-124.16,51.01,5.82
Chuy,92,1552173725,99,-33.69,-53.46,66.05,13.89
Hay River,75,1552172400,67,60.82,-115.79,23.0,9.17
Westport,68,1552173492,87,53.8,-9.52,41.0,8.63
Severo-Kurilsk,68,1552173732,100,50.68,156.12,26.76,5.95
Fare,8,1552173734,99,-16.7,-151.02,84.41,8.97
Kirgiz-Miyaki,92,1552173735,96,53.63,54.8,32.97,14.67
Port Elizabeth,1,1552173719,86,39.31,-74.98,45.0,6.93
Imbituba,75,1552172400,78,-28.24,-48.67,77.0,17.22
Vanavara,64,1552173745,64,60.35,102.28,14.48,12.21
Belmonte,0,1552173748,81,40.36,-7.35,40.49,2.59
Vengerovo,0,1552173749,75,55.68,76.74,11.73,11.65
Chumikan,0,1552173751,60,54.72,135.31,24.83,13.44
Ewa Beach,90,1552173736,57,21.32,-158.01,80.6,11.41
Egvekinot,32,1552173473,76,66.32,-179.17,-1.68,6.4
Meshcherino,0,1552172489,68,55.2,38.36,34.0,6.71
Komsomolskiy,92,1552173756,84,67.55,63.78,17.58,12.33
Tagbac,90,1552168800,100,7.09,125.16,75.2,4.7
Ambon,90,1552173752,100,47.55,-2.56,53.6,14.99
Goderich,36,1552173535,61,43.74,-81.71,34.0,4.0
Kahului,40,1552173669,51,20.89,-156.47,80.6,19.46
Grand Gaube,20,1552173548,88,-20.01,57.66,75.99,3.36
Qidong,92,1552173618,92,31.81,121.66,48.99,5.01
Vestmannaeyjar,88,1552173768,100,63.44,-20.27,32.21,1.92
Mezen,92,1552173771,99,65.85,44.24,28.92,2.71
Kathua,0,1552173772,62,32.38,75.52,41.97,3.49
Soure,20,1552173442,100,40.06,-8.63,55.99,3.36
Great Yarmouth,88,1552173754,70,52.61,1.73,46.0,9.17
Manglaur,0,1552173778,82,29.79,77.88,44.85,2.59
Valleyview,12,1552173781,74,55.07,-117.28,28.38,3.38
Opelousas,90,1552173733,83,30.53,-92.08,75.2,8.05
Esperance,20,1552173608,61,10.24,-61.45,82.4,14.99
Cabo San Lucas,20,1552173406,34,22.89,-109.91,80.6,13.87
Lakes Entrance,8,1552172404,52,-37.88,147.99,73.0,8.01
Tabuk,12,1552173795,83,17.41,121.44,69.42,2.71
Lata,0,1552173796,74,30.78,78.62,32.43,2.59
Oranjemund,92,1552173798,94,-28.55,16.43,62.9,13.22
Izumo,0,1552168800,81,35.37,132.75,51.8,2.24
Sanming,92,1552173802,100,26.24,117.6,49.53,2.59
Chokurdakh,76,1552173803,83,70.62,147.9,-5.46,3.71
Tingo Maria,68,1552173805,98,-9.29,-76.01,65.33,0.81
Hirara,75,1552169820,94,24.8,125.28,69.8,16.11
Kosh-Agach,20,1552173808,62,49.99,88.66,-4.83,3.94
Aloleng,24,1552173810,93,16.13,119.78,78.2,1.92
Bosaso,80,1552173811,100,11.28,49.18,77.48,5.61
Sisimiut,64,1552173814,81,66.94,-53.67,7.1,1.03
Dormidontovka,0,1552173815,63,47.77,134.91,25.1,6.4
Kharp,80,1552173817,72,66.82,65.8,12.05,2.71
Kango,80,1552173818,96,0.19,10.1,72.57,2.93
Ilo,0,1552173820,85,-17.65,-71.34,68.16,2.82
Tete,40,1552172400,100,-16.16,33.59,73.0,3.36
Salinopolis,80,1552173786,100,-0.61,-47.36,77.52,6.17
Mao,40,1552173659,65,19.55,-71.08,81.0,18.34
Kodiak,90,1552173807,94,39.95,-94.76,39.2,25.28
Kashmor,48,1552173836,73,28.43,69.58,59.07,4.61
Kiama,75,1552173437,64,-34.67,150.86,77.0,4.7
Kainantu,64,1552173839,91,-6.29,145.87,69.51,1.59
Ahuimanu,75,1552173791,69,21.44,-157.84,80.6,12.75
Lubao,20,1552173811,88,14.94,120.6,75.99,2.24
Boa Vista,0,1552172400,38,2.82,-60.67,89.6,8.05
Pochutla,40,1552173393,66,15.74,-96.47,86.0,6.4
Tarko-Sale,80,1552173850,90,64.92,77.78,20.15,15.46
Meulaboh,76,1552173852,100,4.14,96.13,77.21,3.83
Forio,40,1552173844,81,40.73,13.86,57.0,3.36
Sao Filipe,0,1552173857,93,14.9,-24.5,71.54,16.69
Shelburne,1,1552173842,46,44.08,-80.2,30.99,12.75
La Asuncion,56,1552173860,73,-1.64,-78.74,52.77,0.69
Luderitz,0,1552173861,80,-26.65,15.16,60.96,20.04
Iquitos,75,1552172400,83,-3.75,-73.25,80.6,6.93
Matara,76,1552173865,67,-13.74,-72.9,51.42,1.92
Correntina,56,1552173867,46,-13.34,-44.63,82.88,4.94
Millinocket,1,1552173603,32,45.66,-68.71,23.0,3.36
Xinqing,0,1552173871,33,48.28,129.53,25.41,5.39
Rovaniemi,90,1552171800,92,66.5,25.72,17.6,2.24
San Clemente,1,1552173644,71,33.43,-117.61,61.0,11.41
Maniitsoq,48,1552173847,76,65.42,-52.9,10.88,8.19
Bereznik,88,1552173880,89,62.86,42.71,26.76,10.98
Turukhansk,56,1552173882,77,65.8,87.96,6.83,9.64
Beatrice,90,1552173624,80,40.27,-96.75,36.0,26.4
Port-Cartier,5,1552168800,34,50.03,-66.88,21.2,9.17
Sevojno,0,1552170600,65,43.85,19.9,44.6,12.75
Ordzhonikidze,0,1552173890,94,44.96,35.36,44.4,4.94
North Bend,1,1552173620,58,43.41,-124.22,54.0,14.99
Tateyama,75,1552173594,53,36.66,137.31,57.0,8.05
Jasper,88,1552173641,100,33.83,-87.28,73.0,14.45
Aitape,80,1552173899,100,-3.15,142.36,76.94,3.94
Crossville,90,1552173656,93,35.95,-85.03,60.01,11.41
Saquisili,75,1552173412,63,-0.83,-78.67,60.8,16.11
Gorontalo,68,1552173769,79,0.54,123.06,78.06,1.92
Edd,0,1552173905,92,13.93,41.69,64.88,2.37
Steinbach,75,1552173902,68,49.53,-96.69,27.0,10.29
Dikson,68,1552173913,95,73.51,80.55,12.59,17.81
Fuerte Olimpo,68,1552173916,81,-21.04,-57.87,83.01,3.15
Norman Wells,40,1552172400,58,65.28,-126.83,24.8,9.17
Marsh Harbour,88,1552173919,100,26.54,-77.06,75.18,19.04
Baruun-Urt,0,1552173921,50,46.68,113.28,18.12,11.43
Jimenez,0,1552173599,59,8.54,-82.37,89.6,4.7
Freeport,40,1552168800,69,26.54,-78.7,78.8,11.41
Riyadh,0,1552172400,39,24.63,46.72,50.0,6.93
Ahipara,36,1552173466,97,-35.17,173.16,73.99,8.75
Grindavik,40,1552173351,100,63.84,-22.43,32.0,4.7
Berlevag,80,1552173937,100,70.86,29.09,24.78,13.44
Quatre Cocos,20,1552173848,88,-20.21,57.76,75.99,3.36
Ust-Nera,64,1552173941,70,64.57,143.24,-13.07,2.48
Tuatapere,36,1552173607,77,-46.13,167.69,60.01,10.0
Longhua,80,1552173946,95,29.21,106.21,47.51,2.82
Pacific Grove,75,1552173829,71,36.62,-121.92,55.0,5.82
Marstal,68,1552173753,80,54.86,10.52,42.8,23.04
Rio Grande,0,1552173953,89,-32.03,-52.1,70.5,15.46
Padang,40,1552170600,88,-0.92,100.36,75.2,11.41
Sitka,0,1552173409,39,37.17,-99.65,53.01,21.0
Port Macquarie,40,1552173245,88,-31.43,152.91,79.0,5.82
Gondar,75,1552173823,100,41.82,-8.78,57.99,5.82
Alice Springs,0,1552172400,13,-23.7,133.88,86.0,5.17
Namatanai,100,1552173965,100,-3.66,152.44,76.62,6.96
Caravelas,0,1552173969,100,-17.73,-39.27,83.78,15.23
Ust-Omchug,56,1552173971,69,61.13,149.63,-3.98,3.6
Pangody,88,1552173973,85,65.85,74.49,17.63,15.57
Saint-Joseph,20,1552173946,87,43.56,6.97,57.2,3.36
Hanko,92,1552173553,98,59.83,22.95,33.01,6.62
Hasaki,75,1552173576,81,35.73,140.83,53.01,2.24
Yerbogachen,64,1552173979,57,61.28,108.01,12.81,9.75
Kampong Thum,0,1552173980,79,12.71,104.89,78.51,11.54
Gashua,0,1552173981,26,12.87,11.04,79.05,10.54
Lufilufi,75,1552173789,70,-13.87,-171.6,87.01,3.36
Merauke,68,1552173984,100,-8.49,140.4,79.68,1.36
Belaya Gora,76,1552173986,73,68.54,146.19,-11.45,3.94
Luanda,40,1552172400,83,-8.83,13.24,80.6,6.93
Surgut,40,1552170600,68,61.25,73.4,26.6,8.95
Halifax,40,1552173769,79,44.65,-63.58,26.01,12.75
Prince Albert,5,1552172400,53,53.2,-105.75,23.0,12.75
Pucara,90,1552172400,82,-21.7,-64.2,69.8,6.93
Nouadhibou,0,1552172400,72,20.93,-17.03,64.4,23.04
Nemuro,0,1552173999,90,43.32,145.57,34.19,15.68
Taoudenni,0,1552174000,32,22.68,-3.98,54.66,4.72
Geraldton,75,1552172400,50,49.72,-86.95,30.2,8.05
Beya,64,1552174006,60,53.05,90.92,16.73,3.49
Pimenta Bueno,32,1552174008,76,-11.68,-61.19,80.22,2.93
Buraydah,0,1552168800,70,26.33,43.97,48.2,3.04
Puerto Quijarro,75,1552172400,94,-19.0,-57.72,75.2,2.24
Zhigansk,64,1552174017,79,66.77,123.37,8.22,3.71
Sobolevo,92,1552174019,95,54.43,31.9,36.08,19.15
Beidao,24,1552173805,95,34.57,105.89,32.61,2.59
Makarov,0,1552174022,86,48.62,142.78,24.42,5.39
Puerto Escondido,20,1552171260,66,15.86,-97.07,86.0,6.17
Champerico,40,1552171740,23,16.38,-93.6,98.6,5.82
Kloulklubed,90,1552171800,88,7.04,134.26,77.0,9.17
Panzhihua,0,1552174033,71,26.59,101.72,42.51,2.15
Ngunguru,32,1552172884,70,-35.62,174.5,71.01,3.0
Mamakan,48,1552174036,67,57.82,114.02,17.22,5.73
La Ronge,40,1552172400,52,55.1,-105.3,19.4,10.29
Mokhsogollokh,0,1552174039,55,61.4,128.95,15.87,8.41
Gizycko,24,1552174042,89,54.04,21.76,36.8,15.79
Bafoulabe,0,1552174044,40,13.81,-10.83,67.71,6.06
Jiwani,0,1552174045,93,25.05,61.74,60.87,7.4
Hofn,68,1552174047,100,64.25,-15.21,35.99,20.15
Oum Hadjer,0,1552174048,18,13.3,19.7,72.53,10.76
Paka,0,1552172400,57,45.29,18.06,51.8,14.99
Sibolga,88,1552173853,100,1.74,98.78,68.39,1.25
Bolitoc,0,1552174053,91,15.74,119.88,76.4,2.37
Dunedin,88,1552173675,86,-45.87,170.5,55.99,8.01
Inirida,12,1552174056,90,3.87,-67.92,78.51,2.15
Paamiut,12,1552174060,98,61.99,-49.67,28.11,12.44
Razdolnoye,44,1552174063,85,43.7,44.53,33.65,2.71
Pitimbu,40,1552172400,94,-7.47,-34.81,75.2,8.05
Inhambane,0,1552174067,99,-23.87,35.38,76.17,7.96
Vanimo,92,1552174069,100,-2.67,141.3,78.56,8.3
Ambarawa,20,1552170600,94,-7.26,110.4,75.2,3.36
Yenagoa,24,1552174073,93,4.92,6.26,75.72,5.5
Chegdomyn,0,1552174074,56,51.13,133.04,16.46,3.15
San Antero,0,1552172400,70,9.38,-75.76,86.0,11.41
Nauta,76,1552174078,97,-4.51,-73.58,74.1,2.59
Picos,8,1552174080,70,-7.08,-41.47,76.76,5.5
Gimli,64,1552173875,73,50.63,-96.99,27.0,5.99
Umuarama,24,1552174084,84,-23.76,-53.31,77.61,6.62
Okhotsk,0,1552174086,99,59.36,143.24,10.11,5.39
Caxias,0,1552172400,79,-4.87,-43.35,84.2,3.36
Jumla,0,1552174090,87,29.28,82.18,16.5,2.37
Dunmore Town,88,1552173877,100,25.5,-76.65,75.23,19.93
Tulum,75,1552173616,83,20.21,-87.46,82.0,5.82
Champaign,90,1552173983,100,40.12,-88.24,48.2,21.92
Mareeba,75,1552173800,83,-16.99,145.42,84.0,9.17
Barra,36,1552173827,55,-11.09,-43.14,80.63,4.72
Povenets,0,1552174105,69,62.85,34.83,20.82,10.65
Kaeo,56,1552173466,97,-35.1,173.78,73.99,7.96
Liverpool,0,1552173961,75,53.41,-2.98,44.6,9.17
Barentu,0,1552174111,68,15.11,37.59,56.78,2.37
Ossora,20,1552174114,92,59.24,163.07,11.46,3.38
Shache,0,1552174089,84,38.42,77.24,39.99,5.73
Flin Flon,90,1552172400,67,54.77,-101.88,23.0,12.75
Bulnes,0,1552172400,50,-36.74,-72.3,75.2,10.29
Lethem,0,1552174121,45,3.38,-59.8,88.01,16.02
Teshie,0,1552174124,97,5.58,-0.11,83.37,7.07
Takoradi,0,1552174126,100,4.89,-1.75,81.35,6.62
Port Moresby,40,1552168800,94,-9.47,147.16,78.8,5.82
Lakhnadon,0,1552174130,61,22.6,79.61,53.63,2.93
La Romana,75,1552168800,78,18.43,-68.97,78.8,12.75
Buckeye,1,1552174111,25,33.37,-112.58,66.99,5.82
Mecca,0,1552173853,27,21.43,39.83,79.0,5.17
Viljoenskroon,32,1552173402,93,-27.21,26.95,61.0,1.01
Tongren,44,1552174138,93,27.72,109.18,40.8,2.59
Te Anau,8,1552174141,76,-45.41,167.72,58.53,3.49
Paramonga,12,1552174142,98,-10.68,-77.82,73.92,12.1
Sao Gabriel,0,1552174144,59,-30.34,-54.32,69.42,14.0
Beloha,0,1552174147,82,-25.17,45.06,70.91,10.65
Sarakhs,0,1552168800,75,36.54,61.16,42.8,2.24
Billings,75,1552173916,43,45.79,-108.5,33.8,5.82
Zarubino,0,1552174153,74,42.65,131.06,35.58,3.6
Kantabanji,0,1552174155,71,20.47,82.92,64.16,2.82
Santo Domingo,90,1552173806,83,18.48,-69.94,78.8,9.17
Makat,20,1552174161,87,47.65,53.35,23.66,3.38
Hovd,20,1552173964,85,63.83,10.7,30.2,2.24
Coahuayana,0,1552174165,22,18.62,-100.35,87.83,2.48
Saint-Augustin,90,1552174029,93,44.83,-0.61,55.4,12.75
San Ramon,40,1552173919,61,12.92,-85.84,77.0,4.7
Menongue,12,1552174173,77,-14.66,17.68,66.14,3.27
Zabol,92,1552174174,100,31.03,61.49,51.38,17.02
Vila Velha,40,1552174094,83,-3.71,-38.6,80.6,6.93
Tiksi,8,1552174179,36,71.64,128.87,-24.81,2.82
Bayan,24,1552174180,73,47.25,107.54,14.75,6.73
Constantine,20,1552172400,93,36.36,6.61,42.8,3.36
Celestun,0,1552174184,84,20.87,-90.4,82.83,8.19
Tilichiki,8,1552174186,82,60.47,166.1,6.96,3.94
Port Augusta,40,1552173811,78,-32.49,137.76,81.0,5.82
Dordrecht,88,1552174187,70,51.8,4.68,48.2,12.75
Le Port,8,1552173915,54,42.87,1.37,55.0,1.14
Cuite,64,1552174060,83,-6.48,-36.15,74.51,7.85
Coquimbo,40,1552172400,63,-29.95,-71.34,62.6,4.7
Sorland,20,1552173600,58,67.67,12.69,26.6,13.87
Katherine,0,1552172400,66,-14.47,132.26,84.2,10.29
Opuwo,0,1552174207,64,-18.06,13.84,60.65,3.6
Fort Nelson,20,1552172400,34,58.81,-122.69,37.4,3.36
Yumen,8,1552174212,67,40.29,97.04,19.47,3.15
Duncanville,1,1552174210,19,32.65,-96.91,79.0,5.82
Kang,68,1552174217,55,-23.67,22.79,74.01,3.15
Ippy,0,1552174220,40,6.26,21.2,69.78,7.52
Piacabucu,8,1552174225,84,-10.41,-36.43,76.76,6.96
Murbad,0,1552172400,57,19.14,73.43,77.0,8.05
Ravar,92,1552174230,87,31.27,56.81,41.07,3.15
Cuamba,0,1552174232,92,-14.8,36.54,64.47,3.71
Gazli,0,1552174234,85,40.13,63.45,36.08,7.52
Svetlogorsk,90,1552170600,85,53.14,59.15,23.0,20.13
Port Hedland,0,1552172400,45,-20.31,118.58,86.0,5.82
Harrisburg,75,1552174037,64,40.27,-76.89,41.0,4.7
Juegang,92,1552173929,91,32.31,121.18,48.0,1.01
Haines Junction,20,1552174244,82,60.75,-137.51,24.38,2.71
Oksbol,92,1552174049,75,55.63,8.29,42.8,31.09
Medvezhyegorsk,0,1552174248,67,62.92,34.47,21.63,8.63
Sohag,0,1552168800,33,26.55,31.7,59.0,5.82
Bilma,48,1552174250,25,18.69,12.92,63.03,6.29
Villacarrillo,0,1552174252,86,38.12,-3.08,38.06,2.48
Cavan,88,1552174204,81,53.99,-7.36,42.01,3.0
Cumberland,1,1552174202,29,41.97,-71.43,39.2,4.7
Poum,8,1552174258,77,41.28,20.71,41.16,3.27
Weligama,12,1552174259,100,5.97,80.42,74.46,4.38
Boquira,32,1552174261,75,-12.82,-42.73,74.28,4.38
Florianopolis,75,1552173785,78,-27.6,-48.55,77.0,17.22
Raudeberg,0,1552174209,96,61.99,5.14,32.0,9.17
Alta Floresta,80,1552174270,89,-9.87,-56.08,78.87,1.92
Kodinar,0,1552174273,59,20.79,70.7,61.01,2.93
Ostersund,0,1552171800,78,63.18,14.64,15.8,8.05
Sumbe,20,1552174278,100,-11.2,13.84,79.28,7.74
Smithers,5,1552172400,47,54.78,-127.17,33.8,3.36
Rabo de Peixe,75,1552174233,82,37.8,-25.58,60.8,4.7
Shunyi,0,1552174266,76,40.13,116.65,46.99,2.24
Havre-Saint-Pierre,20,1552172400,47,50.23,-63.6,15.8,8.05
Jiangkou,8,1552174290,86,30.7,117.56,45.53,2.93
Broken Hill,0,1552168800,29,-31.97,141.45,77.0,4.7
Nicoya,0,1552174278,34,10.15,-85.45,93.2,23.04
Bagdarin,68,1552174294,69,54.44,113.59,5.84,3.6
Muros,90,1552174290,93,42.77,-9.06,57.99,6.93
Yeppoon,40,1552172400,65,-23.13,150.74,80.6,9.17
Luorong,100,1552174299,99,24.41,109.6,51.6,4.16
Ruiz,20,1552171380,27,21.95,-105.15,86.0,11.41
Rawatbhata,0,1552174305,56,24.93,75.59,56.6,4.16
New Cumnock,80,1552174256,91,55.39,-4.18,37.0,8.05
Gombe,24,1552174308,48,10.28,11.17,77.39,1.7
Finschhafen,36,1552174313,81,-6.6,147.85,80.13,3.04
Sioux Lookout,90,1552172400,59,50.1,-91.92,35.6,3.36
Mitsamiouli,68,1552174317,100,-11.38,43.28,81.3,9.98
Kulhudhuffushi,0,1552174319,100,6.62,73.07,81.03,6.06
Vigrestad,0,1552174255,59,58.57,5.7,37.4,20.8
Tual,92,1552174323,100,-5.67,132.75,77.97,30.89
Orem,75,1552174084,52,40.3,-111.69,44.01,4.7
Carroll,0,1552173405,57,-30.99,150.44,79.0,3.36
Umm Lajj,0,1552174037,100,25.02,37.27,59.52,7.85
Basavakalyana,0,1552174331,48,17.88,76.95,65.51,9.42
Mogadishu,0,1552174333,99,2.04,45.34,81.21,19.6
Sterling,90,1552174326,84,39.0,-77.4,41.0,5.82
Pacifica,75,1552174247,76,37.61,-122.49,55.4,13.87
Brae,92,1552173600,80,60.4,-1.35,35.6,9.17
Tottori,0,1552168800,62,35.5,134.23,53.6,10.29
Wakkanai,0,1552174340,100,45.41,141.67,33.74,10.76
Kavieng,88,1552174342,100,-2.57,150.8,79.19,4.16
Kawalu,92,1552174343,97,-7.38,108.21,68.7,1.7
Jha Jha,8,1552174345,78,24.77,86.37,57.72,2.71
Buluang,75,1552168800,88,10.47,123.98,73.4,1.12
Herat,76,1552174349,91,34.35,62.22,34.64,5.17
Timbiras,92,1552174350,98,-4.26,-43.94,73.79,3.83
Yarada,40,1552172400,94,17.65,83.27,75.2,2.24
College,40,1552174326,41,64.86,-147.8,44.6,8.05
Boissevain,1,1552173300,79,49.23,-100.06,19.4,16.11
Alyangula,40,1552168800,83,-13.85,136.42,80.6,8.05
Abay,40,1552170600,84,49.63,72.87,-0.41,4.47
Zeya,48,1552174268,66,53.74,127.27,16.5,2.48
Dzhebariki-Khaya,48,1552174366,66,62.22,135.8,2.01,3.49
Denpasar,20,1552172400,88,-8.65,115.22,78.8,1.12
Qasigiannguit,8,1552171800,78,68.82,-51.19,12.2,8.05
Sidney,1,1552173418,73,47.72,-104.16,23.0,10.29
Yining,56,1552174380,93,29.04,114.56,41.88,2.26
Bonthe,0,1552174383,89,7.53,-12.5,79.01,4.72
Whitefish,75,1552174292,46,48.41,-114.33,30.99,8.05
Novospasskoye,64,1552174386,87,53.15,47.75,29.96,5.73
Hami,36,1552174390,79,42.84,93.51,24.96,5.06
Uusikaupunki,92,1552173600,92,60.8,21.41,28.4,4.7
Khrebtovaya,68,1552174397,55,56.71,104.25,15.56,8.63
Gasa,12,1552174399,39,27.91,89.73,-10.86,0.58
Saint Lawrence,0,1552174239,93,36.06,14.2,55.99,5.82
High Level,20,1552172400,67,58.52,-117.13,21.2,12.75
Laela,76,1552174406,91,-8.57,32.05,58.76,0.47
Pinheiro,92,1552174408,85,-2.53,-45.09,77.88,2.59
Faya,0,1552172400,72,18.39,42.45,60.8,2.59
Klamath Falls,90,1552174350,80,42.22,-121.78,34.0,3.36
Vilhena,90,1552168800,100,-12.74,-60.15,71.6,10.29
Wembley,92,1552174407,87,51.55,-0.3,46.4,5.82
Semey,64,1552174420,83,50.41,80.25,5.16,2.93
Serebryansk,80,1552174422,87,49.68,83.3,14.48,0.69
Mazatlan,75,1552173407,42,23.22,-106.42,86.0,16.11
Dongying,24,1552174429,88,37.43,118.67,36.66,2.48
Phan Thiet,92,1552174430,96,10.93,108.1,78.06,3.38
Noumea,75,1552174200,62,-22.28,166.46,86.0,2.24
Pahrump,1,1552173958,28,36.21,-115.98,57.99,13.87
Petropavlovsk-Kamchatskiy,0,1552170600,62,53.05,158.65,21.2,2.24
Dudinka,56,1552174438,82,69.41,86.18,0.75,15.9
Lasa,40,1552174309,87,34.92,32.53,55.4,5.82
Tiarei,75,1552174390,74,-17.53,-149.33,84.2,4.7
Lingao,88,1552174444,100,19.91,109.69,70.5,5.17
Camacha,40,1552174345,72,33.08,-16.33,60.8,10.29
Pangkalanbuun,56,1552174216,97,-2.68,111.62,74.82,4.16
Izvestkovyy,0,1552174450,36,48.98,131.55,23.03,3.6
Laguna,75,1552171200,31,27.52,-110.01,73.4,9.17
Wenling,76,1552174409,84,28.38,121.38,55.99,3.38
Coos Bay,1,1552174218,58,43.37,-124.22,53.6,14.99
Tessalit,0,1552174458,33,20.2,1.01,50.16,2.93
Groningen,90,1552174328,81,53.22,6.57,45.0,17.22
Ambilobe,100,1552174462,96,-13.19,49.05,75.95,5.39
Lianran,0,1552173427,100,24.92,102.47,46.0,6.71
Kudahuvadhoo,0,1552174466,100,2.67,72.89,82.43,6.85
Okakarara,0,1552174467,38,-20.59,17.46,67.98,7.74
Petrykivka,8,1552172400,86,48.71,34.62,39.2,2.24
Hoquiam,20,1552174419,49,46.98,-123.89,48.99,5.82
Opunake,92,1552174165,56,-39.45,173.86,73.0,3.0
Souillac,90,1552174211,100,45.6,-0.6,54.0,14.99
Manono,80,1552174477,87,-7.3,27.4,71.99,5.39
Nacala,64,1552174479,100,-14.56,40.69,79.86,10.2
Otane,88,1552173857,87,-39.89,176.62,63.0,7.0
Rocha,88,1552174483,80,-34.48,-54.34,62.76,10.42
Cascais,0,1552174394,87,38.7,-9.42,57.99,8.05
Palmer,75,1552174424,77,-34.85,139.16,73.99,8.05
Pombas,56,1552174489,74,-15.9,-54.74,80.0,1.25
Yangambi,36,1552174491,74,0.77,24.47,76.26,3.71
Victor Harbor,75,1552174424,77,-35.55,138.62,73.99,8.05
Moranbah,0,1552174494,66,-22.0,148.04,81.66,8.19
Khani,0,1552172400,47,41.96,42.96,55.4,16.11
Altus,1,1552173300,11,34.64,-99.33,77.0,6.93
Shieli,0,1552174503,83,44.18,66.74,25.46,6.06
Altay,0,1552174505,81,47.83,88.13,1.38,2.48
Tirau,8,1552174325,66,-37.98,175.76,75.99,3.0
Dali,0,1552174510,100,25.6,100.24,34.91,1.7
Walvis Bay,0,1552172581,77,-22.95,14.51,61.0,2.24
Diego de Almagro,0,1552174514,69,-26.39,-70.05,66.23,2.59
Burns Lake,0,1552174516,56,54.23,-125.76,29.24,2.93
Lewistown,90,1552174513,100,40.39,-90.15,46.99,4.7
Dicabisagan,0,1552174522,100,17.08,122.42,75.23,5.61
El Pedernal,8,1552174524,41,14.7,-87.12,77.97,2.59
Chekhov,0,1552174167,68,55.14,37.45,34.0,6.71
Kimberley,8,1552172400,82,-28.74,24.76,66.2,10.29
Kochubey,12,1552174530,88,44.39,46.54,34.95,4.05
Batagay,8,1552174532,48,67.65,134.64,-17.48,1.81
Jaragua do Sul,75,1552174500,83,-26.49,-49.07,78.8,3.36
Zhumadian,36,1552174537,75,33.01,114.02,41.07,3.83
Shahdadkot,48,1552174538,83,27.85,67.91,61.01,3.71
Vostok,0,1552174540,66,46.45,135.83,24.11,2.93
